file	line	syntax	primary_owner	retry	redaction	rationale	source
crates/cdf-dest-clickhouse/src/client.rs	111	CdfError::data	finalized_package_data	none	bounded_package_segment_or_schema_context	Malformed, inconsistent, over-bound, or noncanonical finalized package evidence belongs to the supplied data.	                .map_err(|_| CdfError::data("ClickHouse Arrow batch memory size exceeds u64"))?;
crates/cdf-dest-clickhouse/src/client.rs	113	CdfError::data	finalized_package_data	none	bounded_package_segment_or_schema_context	Malformed, inconsistent, over-bound, or noncanonical finalized package evidence belongs to the supplied data.	                return Err(CdfError::data(format!(
crates/cdf-dest-clickhouse/src/client.rs	120	CdfError::data	finalized_package_data	none	bounded_package_segment_or_schema_context	Malformed, inconsistent, over-bound, or noncanonical finalized package evidence belongs to the supplied data.	                        CdfError::data("ClickHouse Arrow batch row count exceeds u64")
crates/cdf-dest-clickhouse/src/client.rs	123	CdfError::data	finalized_package_data	none	bounded_package_segment_or_schema_context	Malformed, inconsistent, over-bound, or noncanonical finalized package evidence belongs to the supplied data.	                .ok_or_else(|| CdfError::data("ClickHouse inserted row count overflowed"))?;
crates/cdf-dest-clickhouse/src/client.rs	162	CdfError::internal	cdf_invariant	none	operation_context_only	A CDF-owned lifecycle, serialization, generated-shape, arithmetic, or validated-plan invariant failed.	        .ok_or_else(|| CdfError::internal("ClickHouse client cache lost concurrent installation"))
crates/cdf-dest-clickhouse/src/client.rs	54	CdfError::internal	cdf_invariant	none	operation_context_only	A CDF-owned lifecycle, serialization, generated-shape, arithmetic, or validated-plan invariant failed.	            return Err(CdfError::internal(format!(
crates/cdf-dest-clickhouse/src/error.rs	14	ErrorKind::Transient	remote_transport	host_policy_only	controlled_message_and_stable_code_only	Network, timeout, or a stable transient server code may recover after external state changes.	                .unwrap_or(ErrorKind::Transient),
crates/cdf-dest-clickhouse/src/error.rs	165	CdfError::auth	test_fixture	none	test_only	Test-only fixture or assertion verifies the production ownership boundary.	            Error::Other(Box::new(CdfError::auth("credential owner"))),
crates/cdf-dest-clickhouse/src/error.rs	167	ErrorKind::Auth	test_assertion	none	test_only	Test-only fixture or assertion verifies the production ownership boundary.	        assert_eq!(direct.kind, ErrorKind::Auth);
crates/cdf-dest-clickhouse/src/error.rs	170	CdfError::rate_limited	test_fixture	preserved_875_ms_fixture	test_only	Test-only fixture or assertion verifies the production ownership boundary.	        let nested = std::io::Error::other(std::io::Error::other(CdfError::rate_limited(
crates/cdf-dest-clickhouse/src/error.rs	175	ErrorKind::RateLimited	test_assertion	none	test_only	Test-only fixture or assertion verifies the production ownership boundary.	        assert_eq!(nested.kind, ErrorKind::RateLimited);
crates/cdf-dest-clickhouse/src/error.rs	17	ErrorKind::Transient	remote_transport	host_policy_only	controlled_message_and_stable_code_only	Network, timeout, or a stable transient server code may recover after external state changes.	        Error::TimedOut => (ErrorKind::Transient, "transport timeout"),
crates/cdf-dest-clickhouse/src/error.rs	189	ErrorKind::Environment	test_assertion	none	test_only	Test-only fixture or assertion verifies the production ownership boundary.	        assert_eq!(permission.kind, ErrorKind::Environment);
crates/cdf-dest-clickhouse/src/error.rs	18	ErrorKind::Internal	cdf_invariant	none	controlled_message_and_stable_code_only	An official-client request/serialization API invariant failed after CDF validation.	        Error::Compression(_) => (ErrorKind::Internal, "payload compression invariant failed"),
crates/cdf-dest-clickhouse/src/error.rs	198	ErrorKind::Transient	test_assertion	none	test_only	Test-only fixture or assertion verifies the production ownership boundary.	        assert_eq!(timeout.kind, ErrorKind::Transient);
crates/cdf-dest-clickhouse/src/error.rs	205	ErrorKind::Auth	test_assertion	none	test_only	Test-only fixture or assertion verifies the production ownership boundary.	            ErrorKind::Auth
crates/cdf-dest-clickhouse/src/error.rs	20	ErrorKind::Destination	clickhouse_destination_response	none	controlled_message_and_stable_code_only	A malformed, unsupported, or schema-contradicting destination response is non-retryable remote evidence.	            ErrorKind::Destination,
crates/cdf-dest-clickhouse/src/error.rs	213	ErrorKind::RateLimited	test_assertion	none	test_only	Test-only fixture or assertion verifies the production ownership boundary.	            ErrorKind::RateLimited
crates/cdf-dest-clickhouse/src/error.rs	221	ErrorKind::RateLimited	test_assertion	none	test_only	Test-only fixture or assertion verifies the production ownership boundary.	            ErrorKind::RateLimited
crates/cdf-dest-clickhouse/src/error.rs	229	ErrorKind::Transient	test_assertion	none	test_only	Test-only fixture or assertion verifies the production ownership boundary.	            ErrorKind::Transient
crates/cdf-dest-clickhouse/src/error.rs	235	ErrorKind::Internal	test_assertion	none	test_only	Test-only fixture or assertion verifies the production ownership boundary.	        assert_eq!(generated.kind, ErrorKind::Internal);
crates/cdf-dest-clickhouse/src/error.rs	247	ErrorKind::Destination	test_assertion	none	test_only	Test-only fixture or assertion verifies the production ownership boundary.	            ErrorKind::Destination
crates/cdf-dest-clickhouse/src/error.rs	24	ErrorKind::Destination	clickhouse_destination_response	none	controlled_message_and_stable_code_only	A malformed, unsupported, or schema-contradicting destination response is non-retryable remote evidence.	            ErrorKind::Destination,
crates/cdf-dest-clickhouse/src/error.rs	255	ErrorKind::Destination	test_assertion	none	test_only	Test-only fixture or assertion verifies the production ownership boundary.	            ErrorKind::Destination
crates/cdf-dest-clickhouse/src/error.rs	265	ErrorKind::Internal	test_assertion	none	test_only	Test-only fixture or assertion verifies the production ownership boundary.	        assert_eq!(internal.kind, ErrorKind::Internal);
crates/cdf-dest-clickhouse/src/error.rs	269	CdfError::contract	test_fixture	none	test_only	Test-only fixture or assertion verifies the production ownership boundary.	            Error::InvalidParams(Box::new(CdfError::contract("invalid caller bound"))),
crates/cdf-dest-clickhouse/src/error.rs	271	ErrorKind::Contract	test_assertion	none	test_only	Test-only fixture or assertion verifies the production ownership boundary.	        assert_eq!(contract.kind, ErrorKind::Contract);
crates/cdf-dest-clickhouse/src/error.rs	30	ErrorKind::Auth	clickhouse_auth	none	controlled_message_and_stable_code_only	A stable server authentication code requires credential repair.	                Some(192 | 193 | 194 | 516) => ErrorKind::Auth,
crates/cdf-dest-clickhouse/src/error.rs	31	ErrorKind::RateLimited	clickhouse_rate_limit	host_policy_only	controlled_message_and_stable_code_only	A stable server concurrency, quota, or memory-limit code identifies externally imposed pressure.	                Some(202 | 203 | 204 | 241 | 242) => ErrorKind::RateLimited,
crates/cdf-dest-clickhouse/src/error.rs	32	ErrorKind::Transient	remote_transport	host_policy_only	controlled_message_and_stable_code_only	Network, timeout, or a stable transient server code may recover after external state changes.	                Some(159 | 209 | 210 | 279 | 319) => ErrorKind::Transient,
crates/cdf-dest-clickhouse/src/error.rs	33	ErrorKind::Internal	cdf_invariant	none	controlled_message_and_stable_code_only	An official-client request/serialization API invariant failed after CDF validation.	                Some(62) => ErrorKind::Internal,
crates/cdf-dest-clickhouse/src/error.rs	34	ErrorKind::Data	clickhouse_destination_response	none	controlled_message_and_stable_code_only	A malformed, unsupported, or schema-contradicting destination response is non-retryable remote evidence.	                Some(50 | 117 | 386) => ErrorKind::Data,
crates/cdf-dest-clickhouse/src/error.rs	35	ErrorKind::Destination	clickhouse_destination_response	none	controlled_message_and_stable_code_only	A malformed, unsupported, or schema-contradicting destination response is non-retryable remote evidence.	                _ => ErrorKind::Destination,
crates/cdf-dest-clickhouse/src/error.rs	37	CdfError::new	dynamic_foreign_classifier	kind_dependent	controlled_message_and_stable_code_only	The central client boundary applies stable variant, numeric-code, and nested typed-error ownership.	            return CdfError::new(
crates/cdf-dest-clickhouse/src/error.rs	49	ErrorKind::Internal	cdf_invariant	none	controlled_message_and_stable_code_only	An official-client request/serialization API invariant failed after CDF validation.	        Error::InvalidParams(_) => (ErrorKind::Internal, "generated request was invalid"),
crates/cdf-dest-clickhouse/src/error.rs	51	ErrorKind::Environment	local_host_environment	none	controlled_message_and_stable_code_only	A nested host permission, resource, resolver, runtime, or TLS facility failure belongs to the local environment.	            ErrorKind::Environment,
crates/cdf-dest-clickhouse/src/error.rs	61	ErrorKind::Destination	clickhouse_destination_response	none	controlled_message_and_stable_code_only	A malformed, unsupported, or schema-contradicting destination response is non-retryable remote evidence.	            ErrorKind::Destination,
crates/cdf-dest-clickhouse/src/error.rs	65	ErrorKind::Internal	cdf_invariant	none	controlled_message_and_stable_code_only	An official-client request/serialization API invariant failed after CDF validation.	            (ErrorKind::Internal, "official client invariant failed")
crates/cdf-dest-clickhouse/src/error.rs	70	ErrorKind::Data	clickhouse_destination_response	none	controlled_message_and_stable_code_only	A malformed, unsupported, or schema-contradicting destination response is non-retryable remote evidence.	                .unwrap_or(ErrorKind::Data),
crates/cdf-dest-clickhouse/src/error.rs	73	ErrorKind::Destination	clickhouse_destination_response	none	controlled_message_and_stable_code_only	A malformed, unsupported, or schema-contradicting destination response is non-retryable remote evidence.	        _ => (ErrorKind::Destination, "destination request failed"),
crates/cdf-dest-clickhouse/src/error.rs	75	CdfError::new	dynamic_foreign_classifier	kind_dependent	controlled_message_and_stable_code_only	The central client boundary applies stable variant, numeric-code, and nested typed-error ownership.	    CdfError::new(kind, format!("{action}: {detail}"))
crates/cdf-dest-clickhouse/src/error.rs	88	ErrorKind::Transient	remote_transport	host_policy_only	controlled_message_and_stable_code_only	Network, timeout, or a stable transient server code may recover after external state changes.	        | Io::BrokenPipe => ErrorKind::Transient,
crates/cdf-dest-clickhouse/src/error.rs	89	ErrorKind::Environment	local_host_environment	none	controlled_message_and_stable_code_only	A nested host permission, resource, resolver, runtime, or TLS facility failure belongs to the local environment.	        _ => ErrorKind::Environment,
crates/cdf-dest-clickhouse/src/identifier.rs	14	CdfError::contract	caller_contract	none	bounded_configuration_plan_or_identifier_context	Invalid configuration, plan, schema mapping, identifier, policy, or unsupported request crosses the connector contract.	            return Err(CdfError::contract(
crates/cdf-dest-clickhouse/src/identifier.rs	24	CdfError::internal	cdf_invariant	none	operation_context_only	A CDF-owned lifecycle, serialization, generated-shape, arithmetic, or validated-plan invariant failed.	            return Err(CdfError::internal(
crates/cdf-dest-clickhouse/src/identifier.rs	34	CdfError::contract	caller_contract	none	bounded_configuration_plan_or_identifier_context	Invalid configuration, plan, schema mapping, identifier, policy, or unsupported request crosses the connector contract.	            return Err(CdfError::contract(
crates/cdf-dest-clickhouse/src/identifier.rs	85	CdfError::contract	caller_contract	none	bounded_configuration_plan_or_identifier_context	Invalid configuration, plan, schema mapping, identifier, policy, or unsupported request crosses the connector contract.	        return Err(CdfError::contract(
crates/cdf-dest-clickhouse/src/mapping.rs	101	CdfError::contract	caller_contract	none	bounded_configuration_plan_or_identifier_context	Invalid configuration, plan, schema mapping, identifier, policy, or unsupported request crosses the connector contract.	                CdfError::contract(format!(
crates/cdf-dest-clickhouse/src/mapping.rs	132	CdfError::contract	caller_contract	none	bounded_configuration_plan_or_identifier_context	Invalid configuration, plan, schema mapping, identifier, policy, or unsupported request crosses the connector contract.	        unsupported => Err(CdfError::contract(format!(
crates/cdf-dest-clickhouse/src/mapping.rs	150	CdfError::contract	caller_contract	none	bounded_configuration_plan_or_identifier_context	Invalid configuration, plan, schema mapping, identifier, policy, or unsupported request crosses the connector contract.	        return Err(CdfError::contract(
crates/cdf-dest-clickhouse/src/mapping.rs	166	CdfError::contract	caller_contract	none	bounded_configuration_plan_or_identifier_context	Invalid configuration, plan, schema mapping, identifier, policy, or unsupported request crosses the connector contract.	        return Err(CdfError::contract(
crates/cdf-dest-clickhouse/src/mapping.rs	171	CdfError::contract	caller_contract	none	bounded_configuration_plan_or_identifier_context	Invalid configuration, plan, schema mapping, identifier, policy, or unsupported request crosses the connector contract.	        return Err(CdfError::contract(
crates/cdf-dest-clickhouse/src/mapping.rs	189	CdfError::contract	caller_contract	none	bounded_configuration_plan_or_identifier_context	Invalid configuration, plan, schema mapping, identifier, policy, or unsupported request crosses the connector contract.	        return Err(CdfError::contract(format!(
crates/cdf-dest-clickhouse/src/mapping.rs	204	CdfError::contract	caller_contract	none	bounded_configuration_plan_or_identifier_context	Invalid configuration, plan, schema mapping, identifier, policy, or unsupported request crosses the connector contract.	        return Err(CdfError::contract(
crates/cdf-dest-clickhouse/src/mapping.rs	219	CdfError::contract	caller_contract	none	bounded_configuration_plan_or_identifier_context	Invalid configuration, plan, schema mapping, identifier, policy, or unsupported request crosses the connector contract.	        return Err(CdfError::contract(
crates/cdf-dest-clickhouse/src/mapping.rs	228	CdfError::contract	caller_contract	none	bounded_configuration_plan_or_identifier_context	Invalid configuration, plan, schema mapping, identifier, policy, or unsupported request crosses the connector contract.	                    CdfError::contract("ClickHouse declared type depth overflowed")
crates/cdf-dest-clickhouse/src/mapping.rs	231	CdfError::contract	caller_contract	none	bounded_configuration_plan_or_identifier_context	Invalid configuration, plan, schema mapping, identifier, policy, or unsupported request crosses the connector contract.	                    return Err(CdfError::contract(
crates/cdf-dest-clickhouse/src/mapping.rs	238	CdfError::contract	caller_contract	none	bounded_configuration_plan_or_identifier_context	Invalid configuration, plan, schema mapping, identifier, policy, or unsupported request crosses the connector contract.	                    CdfError::contract("ClickHouse declared type has unmatched closing parenthesis")
crates/cdf-dest-clickhouse/src/mapping.rs	23	CdfError::contract	caller_contract	none	bounded_configuration_plan_or_identifier_context	Invalid configuration, plan, schema mapping, identifier, policy, or unsupported request crosses the connector contract.	        return Err(CdfError::contract(
crates/cdf-dest-clickhouse/src/mapping.rs	245	CdfError::contract	caller_contract	none	bounded_configuration_plan_or_identifier_context	Invalid configuration, plan, schema mapping, identifier, policy, or unsupported request crosses the connector contract.	        return Err(CdfError::contract(
crates/cdf-dest-clickhouse/src/mapping.rs	276	CdfError::contract	caller_contract	none	bounded_configuration_plan_or_identifier_context	Invalid configuration, plan, schema mapping, identifier, policy, or unsupported request crosses the connector contract.	        Err(CdfError::contract(format!(
crates/cdf-dest-clickhouse/src/mapping.rs	28	CdfError::contract	caller_contract	none	bounded_configuration_plan_or_identifier_context	Invalid configuration, plan, schema mapping, identifier, policy, or unsupported request crosses the connector contract.	        return Err(CdfError::contract(
crates/cdf-dest-clickhouse/src/mapping.rs	62	CdfError::contract	caller_contract	none	bounded_configuration_plan_or_identifier_context	Invalid configuration, plan, schema mapping, identifier, policy, or unsupported request crosses the connector contract.	        return Err(CdfError::contract(
crates/cdf-dest-clickhouse/src/mapping.rs	69	CdfError::contract	caller_contract	none	bounded_configuration_plan_or_identifier_context	Invalid configuration, plan, schema mapping, identifier, policy, or unsupported request crosses the connector contract.	            return Err(CdfError::contract(format!(
crates/cdf-dest-clickhouse/src/models.rs	31	CdfError::contract	caller_contract	none	bounded_configuration_plan_or_identifier_context	Invalid configuration, plan, schema mapping, identifier, policy, or unsupported request crosses the connector contract.	            value => Err(cdf_kernel::CdfError::contract(format!(
crates/cdf-dest-clickhouse/src/package.rs	119	CdfError::data	finalized_package_data	none	bounded_package_segment_or_schema_context	Malformed, inconsistent, over-bound, or noncanonical finalized package evidence belongs to the supplied data.	        return Err(CdfError::data(format!(
crates/cdf-dest-clickhouse/src/package.rs	128	CdfError::data	finalized_package_data	none	bounded_package_segment_or_schema_context	Malformed, inconsistent, over-bound, or noncanonical finalized package evidence belongs to the supplied data.	            return Err(CdfError::data(format!(
crates/cdf-dest-clickhouse/src/package.rs	136	CdfError::data	finalized_package_data	none	bounded_package_segment_or_schema_context	Malformed, inconsistent, over-bound, or noncanonical finalized package evidence belongs to the supplied data.	                    CdfError::data("ClickHouse segment batch row count exceeds u64")
crates/cdf-dest-clickhouse/src/package.rs	139	CdfError::data	finalized_package_data	none	bounded_package_segment_or_schema_context	Malformed, inconsistent, over-bound, or noncanonical finalized package evidence belongs to the supplied data.	            .ok_or_else(|| CdfError::data("ClickHouse segment row count overflowed"))?;
crates/cdf-dest-clickhouse/src/package.rs	142	CdfError::data	finalized_package_data	none	bounded_package_segment_or_schema_context	Malformed, inconsistent, over-bound, or noncanonical finalized package evidence belongs to the supplied data.	        return Err(CdfError::data(format!(
crates/cdf-dest-clickhouse/src/package.rs	162	CdfError::data	finalized_package_data	none	bounded_package_segment_or_schema_context	Malformed, inconsistent, over-bound, or noncanonical finalized package evidence belongs to the supplied data.	        .ok_or_else(|| CdfError::data("ClickHouse package provenance allocation overflowed"))?;
crates/cdf-dest-clickhouse/src/package.rs	164	CdfError::data	finalized_package_data	none	bounded_package_segment_or_schema_context	Malformed, inconsistent, over-bound, or noncanonical finalized package evidence belongs to the supplied data.	        .map_err(|_| CdfError::data("ClickHouse Arrow batch memory size exceeds u64"))?;
crates/cdf-dest-clickhouse/src/package.rs	168	CdfError::data	finalized_package_data	none	bounded_package_segment_or_schema_context	Malformed, inconsistent, over-bound, or noncanonical finalized package evidence belongs to the supplied data.	                CdfError::data("ClickHouse package provenance allocation exceeds u64")
crates/cdf-dest-clickhouse/src/package.rs	170	CdfError::data	finalized_package_data	none	bounded_package_segment_or_schema_context	Malformed, inconsistent, over-bound, or noncanonical finalized package evidence belongs to the supplied data.	            .ok_or_else(|| CdfError::data("ClickHouse physical batch size overflowed"))?;
crates/cdf-dest-clickhouse/src/package.rs	172	CdfError::data	finalized_package_data	none	bounded_package_segment_or_schema_context	Malformed, inconsistent, over-bound, or noncanonical finalized package evidence belongs to the supplied data.	        return Err(CdfError::data(format!(
crates/cdf-dest-clickhouse/src/package.rs	182	CdfError::internal	cdf_invariant	none	operation_context_only	A CDF-owned lifecycle, serialization, generated-shape, arithmetic, or validated-plan invariant failed.	            CdfError::internal("ClickHouse package hash array construction violated its shape")
crates/cdf-dest-clickhouse/src/package.rs	186	CdfError::data	finalized_package_data	none	bounded_package_segment_or_schema_context	Malformed, inconsistent, over-bound, or noncanonical finalized package evidence belongs to the supplied data.	        CdfError::data("ClickHouse canonical segment batch has no package ordinal")
crates/cdf-dest-clickhouse/src/package.rs	189	CdfError::data	finalized_package_data	none	bounded_package_segment_or_schema_context	Malformed, inconsistent, over-bound, or noncanonical finalized package evidence belongs to the supplied data.	        return Err(CdfError::data(
crates/cdf-dest-clickhouse/src/package.rs	199	CdfError::data	finalized_package_data	none	bounded_package_segment_or_schema_context	Malformed, inconsistent, over-bound, or noncanonical finalized package evidence belongs to the supplied data.	        .ok_or_else(|| CdfError::data("ClickHouse canonical batch lost logical columns"))?
crates/cdf-dest-clickhouse/src/package.rs	207	CdfError::data	finalized_package_data	none	bounded_package_segment_or_schema_context	Malformed, inconsistent, over-bound, or noncanonical finalized package evidence belongs to the supplied data.	            .ok_or_else(|| CdfError::data("ClickHouse canonical batch lost ordinal values"))?,
crates/cdf-dest-clickhouse/src/package.rs	213	CdfError::internal	cdf_invariant	none	operation_context_only	A CDF-owned lifecycle, serialization, generated-shape, arithmetic, or validated-plan invariant failed.	    .map_err(|_| CdfError::internal("ClickHouse physical batch construction violated its schema"))
crates/cdf-dest-clickhouse/src/package.rs	222	CdfError::data	finalized_package_data	none	bounded_package_segment_or_schema_context	Malformed, inconsistent, over-bound, or noncanonical finalized package evidence belongs to the supplied data.	        return Err(CdfError::data(
crates/cdf-dest-clickhouse/src/package.rs	247	CdfError::data	finalized_package_data	none	bounded_package_segment_or_schema_context	Malformed, inconsistent, over-bound, or noncanonical finalized package evidence belongs to the supplied data.	        _ => Err(CdfError::data(
crates/cdf-dest-clickhouse/src/package.rs	255	CdfError::internal	cdf_invariant	none	operation_context_only	A CDF-owned lifecycle, serialization, generated-shape, arithmetic, or validated-plan invariant failed.	        CdfError::internal(format!("encode ClickHouse state mirror evidence: {error}"))
crates/cdf-dest-clickhouse/src/package.rs	27	CdfError::data	finalized_package_data	none	bounded_package_segment_or_schema_context	Malformed, inconsistent, over-bound, or noncanonical finalized package evidence belongs to the supplied data.	        return Err(CdfError::data(
crates/cdf-dest-clickhouse/src/package.rs	32	CdfError::contract	caller_contract	none	bounded_configuration_plan_or_identifier_context	Invalid configuration, plan, schema mapping, identifier, policy, or unsupported request crosses the connector contract.	        return Err(CdfError::contract(format!(
crates/cdf-dest-clickhouse/src/package.rs	38	CdfError::internal	cdf_invariant	none	operation_context_only	A CDF-owned lifecycle, serialization, generated-shape, arithmetic, or validated-plan invariant failed.	        CdfError::internal(format!("encode ClickHouse state mirror preflight: {error}"))
crates/cdf-dest-clickhouse/src/package.rs	41	CdfError::contract	caller_contract	none	bounded_configuration_plan_or_identifier_context	Invalid configuration, plan, schema mapping, identifier, policy, or unsupported request crosses the connector contract.	        return Err(CdfError::contract(format!(
crates/cdf-dest-clickhouse/src/package.rs	52	CdfError::data	finalized_package_data	none	bounded_package_segment_or_schema_context	Malformed, inconsistent, over-bound, or noncanonical finalized package evidence belongs to the supplied data.	        return Err(CdfError::data(
crates/cdf-dest-clickhouse/src/package.rs	62	CdfError::data	finalized_package_data	none	bounded_package_segment_or_schema_context	Malformed, inconsistent, over-bound, or noncanonical finalized package evidence belongs to the supplied data.	        return Err(CdfError::data(
crates/cdf-dest-clickhouse/src/package.rs	73	CdfError::data	finalized_package_data	none	bounded_package_segment_or_schema_context	Malformed, inconsistent, over-bound, or noncanonical finalized package evidence belongs to the supplied data.	            return Err(CdfError::data(
crates/cdf-dest-clickhouse/src/package.rs	81	CdfError::data	finalized_package_data	none	bounded_package_segment_or_schema_context	Malformed, inconsistent, over-bound, or noncanonical finalized package evidence belongs to the supplied data.	        return Err(CdfError::data(
crates/cdf-dest-clickhouse/src/package.rs	89	CdfError::internal	cdf_invariant	none	operation_context_only	A CDF-owned lifecycle, serialization, generated-shape, arithmetic, or validated-plan invariant failed.	            .ok_or_else(|| CdfError::internal("ClickHouse package manifest lost a segment"))?;
crates/cdf-dest-clickhouse/src/package.rs	91	CdfError::data	finalized_package_data	none	bounded_package_segment_or_schema_context	Malformed, inconsistent, over-bound, or noncanonical finalized package evidence belongs to the supplied data.	            CdfError::data(format!(
crates/cdf-dest-clickhouse/src/package.rs	96	CdfError::data	finalized_package_data	none	bounded_package_segment_or_schema_context	Malformed, inconsistent, over-bound, or noncanonical finalized package evidence belongs to the supplied data.	            return Err(CdfError::data(format!(
crates/cdf-dest-clickhouse/src/plan.rs	120	CdfError::contract	caller_contract	none	bounded_configuration_plan_or_identifier_context	Invalid configuration, plan, schema mapping, identifier, policy, or unsupported request crosses the connector contract.	        WriteDisposition::CdcApply => Err(CdfError::contract(
crates/cdf-dest-clickhouse/src/plan.rs	172	CdfError::contract	caller_contract	none	bounded_configuration_plan_or_identifier_context	Invalid configuration, plan, schema mapping, identifier, policy, or unsupported request crosses the connector contract.	        .ok_or_else(|| CdfError::contract("ClickHouse package hash is shorter than 16 bytes"))?;
crates/cdf-dest-clickhouse/src/plan.rs	200	CdfError::contract	caller_contract	none	bounded_configuration_plan_or_identifier_context	Invalid configuration, plan, schema mapping, identifier, policy, or unsupported request crosses the connector contract.	        return Err(CdfError::contract(
crates/cdf-dest-clickhouse/src/plan.rs	205	CdfError::contract	caller_contract	none	bounded_configuration_plan_or_identifier_context	Invalid configuration, plan, schema mapping, identifier, policy, or unsupported request crosses the connector contract.	        return Err(CdfError::contract(
crates/cdf-dest-clickhouse/src/plan.rs	212	CdfError::contract	caller_contract	none	bounded_configuration_plan_or_identifier_context	Invalid configuration, plan, schema mapping, identifier, policy, or unsupported request crosses the connector contract.	            return Err(CdfError::contract(format!(
crates/cdf-dest-clickhouse/src/plan.rs	221	CdfError::contract	caller_contract	none	bounded_configuration_plan_or_identifier_context	Invalid configuration, plan, schema mapping, identifier, policy, or unsupported request crosses the connector contract.	                CdfError::contract(format!(
crates/cdf-dest-clickhouse/src/plan.rs	226	CdfError::contract	caller_contract	none	bounded_configuration_plan_or_identifier_context	Invalid configuration, plan, schema mapping, identifier, policy, or unsupported request crosses the connector contract.	            return Err(CdfError::contract(format!(
crates/cdf-dest-clickhouse/src/plan.rs	24	CdfError::contract	caller_contract	none	bounded_configuration_plan_or_identifier_context	Invalid configuration, plan, schema mapping, identifier, policy, or unsupported request crosses the connector contract.	        return Err(CdfError::contract(
crates/cdf-dest-clickhouse/src/plan.rs	33	CdfError::contract	caller_contract	none	bounded_configuration_plan_or_identifier_context	Invalid configuration, plan, schema mapping, identifier, policy, or unsupported request crosses the connector contract.	        return Err(CdfError::contract(
crates/cdf-dest-clickhouse/src/plan.rs	90	CdfError::contract	caller_contract	none	bounded_configuration_plan_or_identifier_context	Invalid configuration, plan, schema mapping, identifier, policy, or unsupported request crosses the connector contract.	        return Err(CdfError::contract(
crates/cdf-dest-clickhouse/src/runtime.rs	216	CdfError::contract	caller_contract	none	bounded_configuration_plan_or_identifier_context	Invalid configuration, plan, schema mapping, identifier, policy, or unsupported request crosses the connector contract.	            return Err(cdf_kernel::CdfError::contract(format!(
crates/cdf-dest-clickhouse/src/runtime.rs	253	CdfError::contract	caller_contract	none	bounded_configuration_plan_or_identifier_context	Invalid configuration, plan, schema mapping, identifier, policy, or unsupported request crosses the connector contract.	            cdf_kernel::CdfError::contract("ClickHouse commit requires injected ExecutionServices")
crates/cdf-dest-clickhouse/src/runtime.rs	256	CdfError::internal	cdf_invariant	none	operation_context_only	A CDF-owned lifecycle, serialization, generated-shape, arithmetic, or validated-plan invariant failed.	            cdf_kernel::CdfError::internal("ClickHouse runtime has no resolved connection")
crates/cdf-dest-clickhouse/src/runtime.rs	288	CdfError::contract	caller_contract	none	bounded_configuration_plan_or_identifier_context	Invalid configuration, plan, schema mapping, identifier, policy, or unsupported request crosses the connector contract.	        cdf_kernel::CdfError::contract(
crates/cdf-dest-clickhouse/src/runtime.rs	297	CdfError::data	finalized_package_data	none	bounded_package_segment_or_schema_context	Malformed, inconsistent, over-bound, or noncanonical finalized package evidence belongs to the supplied data.	        .ok_or_else(|| cdf_kernel::CdfError::data("ClickHouse package row count overflowed"))?;
crates/cdf-dest-clickhouse/src/runtime.rs	299	CdfError::contract	caller_contract	none	bounded_configuration_plan_or_identifier_context	Invalid configuration, plan, schema mapping, identifier, policy, or unsupported request crosses the connector contract.	        return Err(cdf_kernel::CdfError::contract(
crates/cdf-dest-clickhouse/src/runtime.rs	314	CdfError::internal	cdf_invariant	none	operation_context_only	A CDF-owned lifecycle, serialization, generated-shape, arithmetic, or validated-plan invariant failed.	        .ok_or_else(|| cdf_kernel::CdfError::internal("ClickHouse runtime has no target"))?;
crates/cdf-dest-clickhouse/src/runtime.rs	316	CdfError::contract	caller_contract	none	bounded_configuration_plan_or_identifier_context	Invalid configuration, plan, schema mapping, identifier, policy, or unsupported request crosses the connector contract.	        return Err(cdf_kernel::CdfError::contract(
crates/cdf-dest-clickhouse/src/runtime.rs	354	CdfError::contract	caller_contract	none	bounded_configuration_plan_or_identifier_context	Invalid configuration, plan, schema mapping, identifier, policy, or unsupported request crosses the connector contract.	        return Err(cdf_kernel::CdfError::contract(
crates/cdf-dest-clickhouse/src/runtime.rs	359	CdfError::contract	caller_contract	none	bounded_configuration_plan_or_identifier_context	Invalid configuration, plan, schema mapping, identifier, policy, or unsupported request crosses the connector contract.	        return Err(cdf_kernel::CdfError::contract(
crates/cdf-dest-clickhouse/src/runtime.rs	367	CdfError::contract	caller_contract	none	bounded_configuration_plan_or_identifier_context	Invalid configuration, plan, schema mapping, identifier, policy, or unsupported request crosses the connector contract.	            return Err(cdf_kernel::CdfError::contract(format!(
crates/cdf-dest-clickhouse/src/runtime.rs	376	CdfError::contract	caller_contract	none	bounded_configuration_plan_or_identifier_context	Invalid configuration, plan, schema mapping, identifier, policy, or unsupported request crosses the connector contract.	                cdf_kernel::CdfError::contract(format!(
crates/cdf-dest-clickhouse/src/runtime.rs	382	CdfError::contract	caller_contract	none	bounded_configuration_plan_or_identifier_context	Invalid configuration, plan, schema mapping, identifier, policy, or unsupported request crosses the connector contract.	            return Err(cdf_kernel::CdfError::contract(format!(
crates/cdf-dest-clickhouse/src/runtime.rs	460	CdfError::contract	caller_contract	none	bounded_configuration_plan_or_identifier_context	Invalid configuration, plan, schema mapping, identifier, policy, or unsupported request crosses the connector contract.	        cdf_kernel::CdfError::contract(format!("ClickHouse destination URI is invalid: {error}"))
crates/cdf-dest-clickhouse/src/runtime.rs	467	CdfError::contract	caller_contract	none	bounded_configuration_plan_or_identifier_context	Invalid configuration, plan, schema mapping, identifier, policy, or unsupported request crosses the connector contract.	        return Err(cdf_kernel::CdfError::contract(
crates/cdf-dest-clickhouse/src/runtime.rs	480	CdfError::contract	caller_contract	none	bounded_configuration_plan_or_identifier_context	Invalid configuration, plan, schema mapping, identifier, policy, or unsupported request crosses the connector contract.	        return Err(cdf_kernel::CdfError::contract(
crates/cdf-dest-clickhouse/src/runtime.rs	487	CdfError::auth	clickhouse_auth	none	fixed_message_no_secret_value	Resolved destination credentials are absent or invalid and require credential repair.	        return Err(cdf_kernel::CdfError::auth(
crates/cdf-dest-clickhouse/src/runtime.rs	495	CdfError::contract	caller_contract	none	bounded_configuration_plan_or_identifier_context	Invalid configuration, plan, schema mapping, identifier, policy, or unsupported request crosses the connector contract.	        .map_err(|()| cdf_kernel::CdfError::contract("clear ClickHouse URI username"))?;
crates/cdf-dest-clickhouse/src/runtime.rs	498	CdfError::contract	caller_contract	none	bounded_configuration_plan_or_identifier_context	Invalid configuration, plan, schema mapping, identifier, policy, or unsupported request crosses the connector contract.	        .map_err(|()| cdf_kernel::CdfError::contract("clear ClickHouse URI password"))?;
crates/cdf-dest-clickhouse/src/runtime.rs	511	CdfError::contract	caller_contract	none	bounded_configuration_plan_or_identifier_context	Invalid configuration, plan, schema mapping, identifier, policy, or unsupported request crosses the connector contract.	            cdf_kernel::CdfError::contract("normalize ClickHouse destination URI scheme")
crates/cdf-dest-clickhouse/src/runtime.rs	514	CdfError::contract	caller_contract	none	bounded_configuration_plan_or_identifier_context	Invalid configuration, plan, schema mapping, identifier, policy, or unsupported request crosses the connector contract.	        cdf_kernel::CdfError::contract(format!(
crates/cdf-dest-clickhouse/src/runtime.rs	79	CdfError::contract	caller_contract	none	bounded_configuration_plan_or_identifier_context	Invalid configuration, plan, schema mapping, identifier, policy, or unsupported request crosses the connector contract.	                return Err(cdf_kernel::CdfError::contract(format!(
crates/cdf-dest-clickhouse/src/session.rs	1057	CdfError::contract	caller_contract	none	bounded_configuration_plan_or_identifier_context	Invalid configuration, plan, schema mapping, identifier, policy, or unsupported request crosses the connector contract.	        .map_err(|_| CdfError::contract("ClickHouse mirror segment count exceeds u64"))?;
crates/cdf-dest-clickhouse/src/session.rs	1072	CdfError::contract	caller_contract	none	bounded_configuration_plan_or_identifier_context	Invalid configuration, plan, schema mapping, identifier, policy, or unsupported request crosses the connector contract.	        return Err(CdfError::contract(format!(
crates/cdf-dest-clickhouse/src/session.rs	1092	CdfError::contract	caller_contract	none	bounded_configuration_plan_or_identifier_context	Invalid configuration, plan, schema mapping, identifier, policy, or unsupported request crosses the connector contract.	        return Err(CdfError::contract(format!(
crates/cdf-dest-clickhouse/src/session.rs	1208	CdfError::internal	cdf_invariant	none	operation_context_only	A CDF-owned lifecycle, serialization, generated-shape, arithmetic, or validated-plan invariant failed.	        return Err(CdfError::internal(
crates/cdf-dest-clickhouse/src/session.rs	1232	CdfError::destination	durable_clickhouse_destination	none	bounded_target_receipt_or_segment_context	Missing, duplicated, contradictory, or incompletely published target and mirror evidence belongs to the durable destination.	        return Err(CdfError::destination(
crates/cdf-dest-clickhouse/src/session.rs	1256	CdfError::contract	caller_contract	none	bounded_configuration_plan_or_identifier_context	Invalid configuration, plan, schema mapping, identifier, policy, or unsupported request crosses the connector contract.	        return Err(CdfError::contract(
crates/cdf-dest-clickhouse/src/session.rs	1265	CdfError::contract	caller_contract	none	bounded_configuration_plan_or_identifier_context	Invalid configuration, plan, schema mapping, identifier, policy, or unsupported request crosses the connector contract.	        CdfError::contract("ClickHouse canonical CREATE TABLE query has no column list")
crates/cdf-dest-clickhouse/src/session.rs	1273	CdfError::contract	caller_contract	none	bounded_configuration_plan_or_identifier_context	Invalid configuration, plan, schema mapping, identifier, policy, or unsupported request crosses the connector contract.	        CdfError::contract("ClickHouse table COMMENT clause has no string literal")
crates/cdf-dest-clickhouse/src/session.rs	1288	CdfError::contract	caller_contract	none	bounded_configuration_plan_or_identifier_context	Invalid configuration, plan, schema mapping, identifier, policy, or unsupported request crosses the connector contract.	        CdfError::contract("ClickHouse table COMMENT string literal is unterminated")
crates/cdf-dest-clickhouse/src/session.rs	1392	CdfError::destination	durable_clickhouse_destination	none	bounded_target_receipt_or_segment_context	Missing, duplicated, contradictory, or incompletely published target and mirror evidence belongs to the durable destination.	        .ok_or_else(|| CdfError::destination("ClickHouse atomic merge row counts overflowed"))?;
crates/cdf-dest-clickhouse/src/session.rs	139	CdfError::destination	durable_clickhouse_destination	none	bounded_target_receipt_or_segment_context	Missing, duplicated, contradictory, or incompletely published target and mirror evidence belongs to the durable destination.	                        return Err(CdfError::destination(
crates/cdf-dest-clickhouse/src/session.rs	1400	CdfError::destination	durable_clickhouse_destination	none	bounded_target_receipt_or_segment_context	Missing, duplicated, contradictory, or incompletely published target and mirror evidence belongs to the durable destination.	        return Err(CdfError::destination(format!(
crates/cdf-dest-clickhouse/src/session.rs	1439	CdfError::destination	durable_clickhouse_destination	none	bounded_target_receipt_or_segment_context	Missing, duplicated, contradictory, or incompletely published target and mirror evidence belongs to the durable destination.	        .ok_or_else(|| CdfError::destination("ClickHouse atomic merge row counts overflowed"))?;
crates/cdf-dest-clickhouse/src/session.rs	1447	CdfError::destination	durable_clickhouse_destination	none	bounded_target_receipt_or_segment_context	Missing, duplicated, contradictory, or incompletely published target and mirror evidence belongs to the durable destination.	        return Err(CdfError::destination(format!(
crates/cdf-dest-clickhouse/src/session.rs	1461	CdfError::destination	durable_clickhouse_destination	none	bounded_target_receipt_or_segment_context	Missing, duplicated, contradictory, or incompletely published target and mirror evidence belongs to the durable destination.	        return Err(CdfError::destination(
crates/cdf-dest-clickhouse/src/session.rs	1566	CdfError::internal	cdf_invariant	none	operation_context_only	A CDF-owned lifecycle, serialization, generated-shape, arithmetic, or validated-plan invariant failed.	        return Err(CdfError::internal(
crates/cdf-dest-clickhouse/src/session.rs	1593	CdfError::destination	durable_clickhouse_destination	none	bounded_target_receipt_or_segment_context	Missing, duplicated, contradictory, or incompletely published target and mirror evidence belongs to the durable destination.	        return Err(CdfError::destination(format!(
crates/cdf-dest-clickhouse/src/session.rs	1647	CdfError::data	finalized_package_data	none	bounded_package_segment_or_schema_context	Malformed, inconsistent, over-bound, or noncanonical finalized package evidence belongs to the supplied data.	            .ok_or_else(|| CdfError::data("ClickHouse package row count overflowed"))
crates/cdf-dest-clickhouse/src/session.rs	1664	CdfError::destination	durable_clickhouse_destination	none	bounded_target_receipt_or_segment_context	Missing, duplicated, contradictory, or incompletely published target and mirror evidence belongs to the durable destination.	        return Err(CdfError::destination(format!(
crates/cdf-dest-clickhouse/src/session.rs	1677	CdfError::destination	durable_clickhouse_destination	none	bounded_target_receipt_or_segment_context	Missing, duplicated, contradictory, or incompletely published target and mirror evidence belongs to the durable destination.	            return Err(CdfError::destination(
crates/cdf-dest-clickhouse/src/session.rs	1695	CdfError::internal	cdf_invariant	none	operation_context_only	A CDF-owned lifecycle, serialization, generated-shape, arithmetic, or validated-plan invariant failed.	        .ok_or_else(|| CdfError::internal("ClickHouse segment cardinality is inconsistent"))?;
crates/cdf-dest-clickhouse/src/session.rs	1696	CdfError::data	finalized_package_data	none	bounded_package_segment_or_schema_context	Malformed, inconsistent, over-bound, or noncanonical finalized package evidence belongs to the supplied data.	    Err(CdfError::data(format!(
crates/cdf-dest-clickhouse/src/session.rs	1709	CdfError::data	finalized_package_data	none	bounded_package_segment_or_schema_context	Malformed, inconsistent, over-bound, or noncanonical finalized package evidence belongs to the supplied data.	            .ok_or_else(|| CdfError::data("ClickHouse commit row count overflowed"))
crates/cdf-dest-clickhouse/src/session.rs	1732	CdfError::internal	cdf_invariant	none	operation_context_only	A CDF-owned lifecycle, serialization, generated-shape, arithmetic, or validated-plan invariant failed.	                CdfError::internal("ClickHouse atomic merge omitted exact count evidence")
crates/cdf-dest-clickhouse/src/session.rs	1735	CdfError::internal	cdf_invariant	none	operation_context_only	A CDF-owned lifecycle, serialization, generated-shape, arithmetic, or validated-plan invariant failed.	                return Err(CdfError::internal(
crates/cdf-dest-clickhouse/src/session.rs	1746	CdfError::internal	cdf_invariant	none	operation_context_only	A CDF-owned lifecycle, serialization, generated-shape, arithmetic, or validated-plan invariant failed.	        WriteDisposition::CdcApply => Err(CdfError::internal(
crates/cdf-dest-clickhouse/src/session.rs	1768	CdfError::destination	durable_clickhouse_destination	none	bounded_target_receipt_or_segment_context	Missing, duplicated, contradictory, or incompletely published target and mirror evidence belongs to the durable destination.	        return Err(CdfError::destination(
crates/cdf-dest-clickhouse/src/session.rs	1794	CdfError::internal	cdf_invariant	none	operation_context_only	A CDF-owned lifecycle, serialization, generated-shape, arithmetic, or validated-plan invariant failed.	        .map_err(|error| CdfError::internal(format!("encode ClickHouse state mirror: {error}")))?;
crates/cdf-dest-clickhouse/src/session.rs	1798	CdfError::internal	cdf_invariant	none	operation_context_only	A CDF-owned lifecycle, serialization, generated-shape, arithmetic, or validated-plan invariant failed.	                CdfError::internal("ClickHouse settlement lost package segment authority")
crates/cdf-dest-clickhouse/src/session.rs	1803	CdfError::data	finalized_package_data	none	bounded_package_segment_or_schema_context	Malformed, inconsistent, over-bound, or noncanonical finalized package evidence belongs to the supplied data.	                .ok_or_else(|| CdfError::data("ClickHouse mirror ordinal range overflowed"))?;
crates/cdf-dest-clickhouse/src/session.rs	1861	CdfError::internal	cdf_invariant	none	operation_context_only	A CDF-owned lifecycle, serialization, generated-shape, arithmetic, or validated-plan invariant failed.	        CdfError::internal(format!("encode ClickHouse receipt mirror: {error}"))
crates/cdf-dest-clickhouse/src/session.rs	1901	CdfError::destination	durable_clickhouse_destination	none	bounded_target_receipt_or_segment_context	Missing, duplicated, contradictory, or incompletely published target and mirror evidence belongs to the durable destination.	        return Err(CdfError::destination(
crates/cdf-dest-clickhouse/src/session.rs	1909	CdfError::destination	durable_clickhouse_destination	none	bounded_target_receipt_or_segment_context	Missing, duplicated, contradictory, or incompletely published target and mirror evidence belongs to the durable destination.	                CdfError::destination(format!("decode ClickHouse mirrored receipt: {error}"))
crates/cdf-dest-clickhouse/src/session.rs	1923	CdfError::destination	durable_clickhouse_destination	none	bounded_target_receipt_or_segment_context	Missing, duplicated, contradictory, or incompletely published target and mirror evidence belongs to the durable destination.	        .ok_or_else(|| CdfError::destination("ClickHouse receipt has no transaction metadata"))?;
crates/cdf-dest-clickhouse/src/session.rs	1927	CdfError::destination	durable_clickhouse_destination	none	bounded_target_receipt_or_segment_context	Missing, duplicated, contradictory, or incompletely published target and mirror evidence belongs to the durable destination.	        .ok_or_else(|| CdfError::destination("ClickHouse receipt has no state hash"))?;
crates/cdf-dest-clickhouse/src/session.rs	1997	CdfError::destination	durable_clickhouse_destination	none	bounded_target_receipt_or_segment_context	Missing, duplicated, contradictory, or incompletely published target and mirror evidence belongs to the durable destination.	        return Err(CdfError::destination(
crates/cdf-dest-clickhouse/src/session.rs	2002	CdfError::destination	durable_clickhouse_destination	none	bounded_target_receipt_or_segment_context	Missing, duplicated, contradictory, or incompletely published target and mirror evidence belongs to the durable destination.	        CdfError::destination(format!("decode ClickHouse verification receipt: {error}"))
crates/cdf-dest-clickhouse/src/session.rs	2005	CdfError::destination	durable_clickhouse_destination	none	bounded_target_receipt_or_segment_context	Missing, duplicated, contradictory, or incompletely published target and mirror evidence belongs to the durable destination.	        return Err(CdfError::destination(
crates/cdf-dest-clickhouse/src/session.rs	2011	CdfError::destination	durable_clickhouse_destination	none	bounded_target_receipt_or_segment_context	Missing, duplicated, contradictory, or incompletely published target and mirror evidence belongs to the durable destination.	        return Err(CdfError::destination(
crates/cdf-dest-clickhouse/src/session.rs	2020	CdfError::destination	durable_clickhouse_destination	none	bounded_target_receipt_or_segment_context	Missing, duplicated, contradictory, or incompletely published target and mirror evidence belongs to the durable destination.	        return Err(CdfError::destination(
crates/cdf-dest-clickhouse/src/session.rs	2029	CdfError::destination	durable_clickhouse_destination	none	bounded_target_receipt_or_segment_context	Missing, duplicated, contradictory, or incompletely published target and mirror evidence belongs to the durable destination.	                CdfError::destination(format!(
crates/cdf-dest-clickhouse/src/session.rs	202	CdfError::destination	durable_clickhouse_destination	none	bounded_target_receipt_or_segment_context	Missing, duplicated, contradictory, or incompletely published target and mirror evidence belongs to the durable destination.	            return Err(CdfError::destination(
crates/cdf-dest-clickhouse/src/session.rs	2036	CdfError::destination	durable_clickhouse_destination	none	bounded_target_receipt_or_segment_context	Missing, duplicated, contradictory, or incompletely published target and mirror evidence belongs to the durable destination.	            .ok_or_else(|| CdfError::destination("ClickHouse receipt ordinal range overflowed"))?;
crates/cdf-dest-clickhouse/src/session.rs	2042	CdfError::destination	durable_clickhouse_destination	none	bounded_target_receipt_or_segment_context	Missing, duplicated, contradictory, or incompletely published target and mirror evidence belongs to the durable destination.	            return Err(CdfError::destination(format!(
crates/cdf-dest-clickhouse/src/session.rs	2050	CdfError::destination	durable_clickhouse_destination	none	bounded_target_receipt_or_segment_context	Missing, duplicated, contradictory, or incompletely published target and mirror evidence belongs to the durable destination.	        return Err(CdfError::destination(
crates/cdf-dest-clickhouse/src/session.rs	2058	CdfError::destination	durable_clickhouse_destination	none	bounded_target_receipt_or_segment_context	Missing, duplicated, contradictory, or incompletely published target and mirror evidence belongs to the durable destination.	        return Err(CdfError::destination(
crates/cdf-dest-clickhouse/src/session.rs	2066	CdfError::destination	durable_clickhouse_destination	none	bounded_target_receipt_or_segment_context	Missing, duplicated, contradictory, or incompletely published target and mirror evidence belongs to the durable destination.	        return Err(CdfError::destination(
crates/cdf-dest-clickhouse/src/session.rs	2072	CdfError::destination	durable_clickhouse_destination	none	bounded_target_receipt_or_segment_context	Missing, duplicated, contradictory, or incompletely published target and mirror evidence belongs to the durable destination.	            CdfError::destination(format!("decode ClickHouse mirrored state: {error}"))
crates/cdf-dest-clickhouse/src/session.rs	2076	CdfError::destination	durable_clickhouse_destination	none	bounded_target_receipt_or_segment_context	Missing, duplicated, contradictory, or incompletely published target and mirror evidence belongs to the durable destination.	            CdfError::destination(format!(
crates/cdf-dest-clickhouse/src/session.rs	2083	CdfError::destination	durable_clickhouse_destination	none	bounded_target_receipt_or_segment_context	Missing, duplicated, contradictory, or incompletely published target and mirror evidence belongs to the durable destination.	            return Err(CdfError::destination(
crates/cdf-dest-clickhouse/src/session.rs	2096	CdfError::destination	durable_clickhouse_destination	none	bounded_target_receipt_or_segment_context	Missing, duplicated, contradictory, or incompletely published target and mirror evidence belongs to the durable destination.	        return Err(CdfError::destination(
crates/cdf-dest-clickhouse/src/session.rs	2105	CdfError::destination	durable_clickhouse_destination	none	bounded_target_receipt_or_segment_context	Missing, duplicated, contradictory, or incompletely published target and mirror evidence belongs to the durable destination.	            .ok_or_else(|| CdfError::destination("ClickHouse receipt has no replace marker"))?;
crates/cdf-dest-clickhouse/src/session.rs	210	CdfError::internal	cdf_invariant	none	operation_context_only	A CDF-owned lifecycle, serialization, generated-shape, arithmetic, or validated-plan invariant failed.	            .ok_or_else(|| CdfError::internal("ClickHouse session has no authorized client"))?;
crates/cdf-dest-clickhouse/src/session.rs	2128	CdfError::destination	durable_clickhouse_destination	none	bounded_target_receipt_or_segment_context	Missing, duplicated, contradictory, or incompletely published target and mirror evidence belongs to the durable destination.	                return Err(CdfError::destination(
crates/cdf-dest-clickhouse/src/session.rs	214	CdfError::internal	cdf_invariant	none	operation_context_only	A CDF-owned lifecycle, serialization, generated-shape, arithmetic, or validated-plan invariant failed.	            .ok_or_else(|| CdfError::internal("ClickHouse session has no target capabilities"))?;
crates/cdf-dest-clickhouse/src/session.rs	2157	CdfError::destination	durable_clickhouse_destination	none	bounded_target_receipt_or_segment_context	Missing, duplicated, contradictory, or incompletely published target and mirror evidence belongs to the durable destination.	        CdfError::destination(
crates/cdf-dest-clickhouse/src/session.rs	2163	CdfError::internal	cdf_invariant	none	operation_context_only	A CDF-owned lifecycle, serialization, generated-shape, arithmetic, or validated-plan invariant failed.	        .ok_or_else(|| CdfError::internal("validated ClickHouse package marker lost its prefix"))?;
crates/cdf-dest-clickhouse/src/session.rs	2165	CdfError::destination	durable_clickhouse_destination	none	bounded_target_receipt_or_segment_context	Missing, duplicated, contradictory, or incompletely published target and mirror evidence belongs to the durable destination.	        return Err(CdfError::destination(
crates/cdf-dest-clickhouse/src/session.rs	2183	CdfError::destination	durable_clickhouse_destination	none	bounded_target_receipt_or_segment_context	Missing, duplicated, contradictory, or incompletely published target and mirror evidence belongs to the durable destination.	        return Err(CdfError::destination(
crates/cdf-dest-clickhouse/src/session.rs	2188	CdfError::destination	durable_clickhouse_destination	none	bounded_target_receipt_or_segment_context	Missing, duplicated, contradictory, or incompletely published target and mirror evidence belongs to the durable destination.	        CdfError::destination(format!("decode superseding ClickHouse receipt: {error}"))
crates/cdf-dest-clickhouse/src/session.rs	2191	CdfError::destination	durable_clickhouse_destination	none	bounded_target_receipt_or_segment_context	Missing, duplicated, contradictory, or incompletely published target and mirror evidence belongs to the durable destination.	        CdfError::destination("superseding ClickHouse receipt has no transaction metadata")
crates/cdf-dest-clickhouse/src/session.rs	2207	CdfError::destination	durable_clickhouse_destination	none	bounded_target_receipt_or_segment_context	Missing, duplicated, contradictory, or incompletely published target and mirror evidence belongs to the durable destination.	        return Err(CdfError::destination(
crates/cdf-dest-clickhouse/src/session.rs	225	CdfError::internal	cdf_invariant	none	operation_context_only	A CDF-owned lifecycle, serialization, generated-shape, arithmetic, or validated-plan invariant failed.	            .map_err(|_| CdfError::internal("ClickHouse commit time exceeds i64 milliseconds"))?;
crates/cdf-dest-clickhouse/src/session.rs	234	CdfError::data	finalized_package_data	none	bounded_package_segment_or_schema_context	Malformed, inconsistent, over-bound, or noncanonical finalized package evidence belongs to the supplied data.	                    return Err(CdfError::data(format!(
crates/cdf-dest-clickhouse/src/session.rs	239	CdfError::data	finalized_package_data	none	bounded_package_segment_or_schema_context	Malformed, inconsistent, over-bound, or noncanonical finalized package evidence belongs to the supplied data.	                    CdfError::data(format!(
crates/cdf-dest-clickhouse/src/session.rs	263	CdfError::destination	durable_clickhouse_destination	none	bounded_target_receipt_or_segment_context	Missing, duplicated, contradictory, or incompletely published target and mirror evidence belongs to the durable destination.	                        return Err(CdfError::destination(format!(
crates/cdf-dest-clickhouse/src/session.rs	279	CdfError::destination	durable_clickhouse_destination	none	bounded_target_receipt_or_segment_context	Missing, duplicated, contradictory, or incompletely published target and mirror evidence belongs to the durable destination.	                    return Err(CdfError::destination(
crates/cdf-dest-clickhouse/src/session.rs	366	CdfError::destination	durable_clickhouse_destination	none	bounded_target_receipt_or_segment_context	Missing, duplicated, contradictory, or incompletely published target and mirror evidence belongs to the durable destination.	            return Err(CdfError::destination(
crates/cdf-dest-clickhouse/src/session.rs	372	CdfError::internal	cdf_invariant	none	operation_context_only	A CDF-owned lifecycle, serialization, generated-shape, arithmetic, or validated-plan invariant failed.	            .ok_or_else(|| CdfError::internal("ClickHouse session has no verified receipt"))
crates/cdf-dest-clickhouse/src/session.rs	394	CdfError::destination	durable_clickhouse_destination	none	bounded_target_receipt_or_segment_context	Missing, duplicated, contradictory, or incompletely published target and mirror evidence belongs to the durable destination.	        return Err(CdfError::destination(
crates/cdf-dest-clickhouse/src/session.rs	410	CdfError::destination	durable_clickhouse_destination	none	bounded_target_receipt_or_segment_context	Missing, duplicated, contradictory, or incompletely published target and mirror evidence belongs to the durable destination.	            .ok_or_else(|| CdfError::destination("ClickHouse merge receipt has no merge mode"))?;
crates/cdf-dest-clickhouse/src/session.rs	412	CdfError::contract	caller_contract	none	bounded_configuration_plan_or_identifier_context	Invalid configuration, plan, schema mapping, identifier, policy, or unsupported request crosses the connector contract.	            return Err(CdfError::contract(format!(
crates/cdf-dest-clickhouse/src/session.rs	419	CdfError::contract	caller_contract	none	bounded_configuration_plan_or_identifier_context	Invalid configuration, plan, schema mapping, identifier, policy, or unsupported request crosses the connector contract.	        CdfError::contract("ClickHouse receipt verification requires a resolved connection")
crates/cdf-dest-clickhouse/src/session.rs	422	CdfError::contract	caller_contract	none	bounded_configuration_plan_or_identifier_context	Invalid configuration, plan, schema mapping, identifier, policy, or unsupported request crosses the connector contract.	        CdfError::contract("ClickHouse receipt verification requires ExecutionServices")
crates/cdf-dest-clickhouse/src/session.rs	449	CdfError::destination	durable_clickhouse_destination	none	bounded_target_receipt_or_segment_context	Missing, duplicated, contradictory, or incompletely published target and mirror evidence belongs to the durable destination.	        return Err(CdfError::destination(
crates/cdf-dest-clickhouse/src/session.rs	536	CdfError::contract	caller_contract	none	bounded_configuration_plan_or_identifier_context	Invalid configuration, plan, schema mapping, identifier, policy, or unsupported request crosses the connector contract.	        return Err(CdfError::contract(format!(
crates/cdf-dest-clickhouse/src/session.rs	544	CdfError::internal	cdf_invariant	none	operation_context_only	A CDF-owned lifecycle, serialization, generated-shape, arithmetic, or validated-plan invariant failed.	        .ok_or_else(|| CdfError::internal("ClickHouse target inspection lost its row"))?;
crates/cdf-dest-clickhouse/src/session.rs	574	CdfError::internal	cdf_invariant	none	operation_context_only	A CDF-owned lifecycle, serialization, generated-shape, arithmetic, or validated-plan invariant failed.	        return Err(CdfError::internal(
crates/cdf-dest-clickhouse/src/session.rs	592	CdfError::contract	caller_contract	none	bounded_configuration_plan_or_identifier_context	Invalid configuration, plan, schema mapping, identifier, policy, or unsupported request crosses the connector contract.	            return Err(CdfError::contract(
crates/cdf-dest-clickhouse/src/session.rs	597	CdfError::contract	caller_contract	none	bounded_configuration_plan_or_identifier_context	Invalid configuration, plan, schema mapping, identifier, policy, or unsupported request crosses the connector contract.	            return Err(CdfError::contract(
crates/cdf-dest-clickhouse/src/session.rs	604	CdfError::contract	caller_contract	none	bounded_configuration_plan_or_identifier_context	Invalid configuration, plan, schema mapping, identifier, policy, or unsupported request crosses the connector contract.	            return Err(CdfError::contract(
crates/cdf-dest-clickhouse/src/session.rs	611	CdfError::contract	caller_contract	none	bounded_configuration_plan_or_identifier_context	Invalid configuration, plan, schema mapping, identifier, policy, or unsupported request crosses the connector contract.	        return Err(CdfError::contract(
crates/cdf-dest-clickhouse/src/session.rs	622	CdfError::contract	caller_contract	none	bounded_configuration_plan_or_identifier_context	Invalid configuration, plan, schema mapping, identifier, policy, or unsupported request crosses the connector contract.	        .map_err(|_| CdfError::contract("ClickHouse segment count exceeds u64"))?;
crates/cdf-dest-clickhouse/src/session.rs	626	CdfError::contract	caller_contract	none	bounded_configuration_plan_or_identifier_context	Invalid configuration, plan, schema mapping, identifier, policy, or unsupported request crosses the connector contract.	        return Err(CdfError::contract(format!(
crates/cdf-dest-clickhouse/src/session.rs	632	CdfError::contract	caller_contract	none	bounded_configuration_plan_or_identifier_context	Invalid configuration, plan, schema mapping, identifier, policy, or unsupported request crosses the connector contract.	            return Err(CdfError::contract(
crates/cdf-dest-clickhouse/src/session.rs	637	CdfError::contract	caller_contract	none	bounded_configuration_plan_or_identifier_context	Invalid configuration, plan, schema mapping, identifier, policy, or unsupported request crosses the connector contract.	            return Err(CdfError::contract(
crates/cdf-dest-clickhouse/src/session.rs	648	CdfError::contract	caller_contract	none	bounded_configuration_plan_or_identifier_context	Invalid configuration, plan, schema mapping, identifier, policy, or unsupported request crosses the connector contract.	            return Err(CdfError::contract(
crates/cdf-dest-clickhouse/src/session.rs	654	CdfError::contract	caller_contract	none	bounded_configuration_plan_or_identifier_context	Invalid configuration, plan, schema mapping, identifier, policy, or unsupported request crosses the connector contract.	            return Err(CdfError::contract(format!(
crates/cdf-dest-clickhouse/src/session.rs	664	CdfError::contract	caller_contract	none	bounded_configuration_plan_or_identifier_context	Invalid configuration, plan, schema mapping, identifier, policy, or unsupported request crosses the connector contract.	            return Err(CdfError::contract(
crates/cdf-dest-clickhouse/src/session.rs	790	CdfError::contract	caller_contract	none	bounded_configuration_plan_or_identifier_context	Invalid configuration, plan, schema mapping, identifier, policy, or unsupported request crosses the connector contract.	                return Err(CdfError::contract(format!(
crates/cdf-dest-clickhouse/src/session.rs	919	CdfError::contract	caller_contract	none	bounded_configuration_plan_or_identifier_context	Invalid configuration, plan, schema mapping, identifier, policy, or unsupported request crosses the connector contract.	        return Err(CdfError::contract(
crates/cdf-dest-clickhouse/src/session.rs	929	CdfError::contract	caller_contract	none	bounded_configuration_plan_or_identifier_context	Invalid configuration, plan, schema mapping, identifier, policy, or unsupported request crosses the connector contract.	                CdfError::contract(format!(
crates/cdf-dest-clickhouse/src/session.rs	935	CdfError::contract	caller_contract	none	bounded_configuration_plan_or_identifier_context	Invalid configuration, plan, schema mapping, identifier, policy, or unsupported request crosses the connector contract.	            return Err(CdfError::contract(format!(
crates/cdf-dest-clickhouse/src/session.rs	948	CdfError::contract	caller_contract	none	bounded_configuration_plan_or_identifier_context	Invalid configuration, plan, schema mapping, identifier, policy, or unsupported request crosses the connector contract.	        return Err(CdfError::contract(format!(
crates/cdf-dest-clickhouse/src/session.rs	95	CdfError::destination	durable_clickhouse_destination	none	bounded_target_receipt_or_segment_context	Missing, duplicated, contradictory, or incompletely published target and mirror evidence belongs to the durable destination.	            return Err(CdfError::destination(
crates/cdf-dest-clickhouse/src/tests.rs	102	ErrorKind::Contract	test_assertion	none	test_only	Test-only fixture or assertion verifies the production ownership boundary.	    assert_eq!(nullable.kind, ErrorKind::Contract);
crates/cdf-dest-clickhouse/src/tests.rs	165	CdfError::destination	test_fixture	none	test_only	Test-only fixture or assertion verifies the production ownership boundary.	                    .map_err(|error| cdf_kernel::CdfError::destination(error.to_string()))?;
crates/cdf-dest-clickhouse/src/tests.rs	170	CdfError::destination	test_fixture	none	test_only	Test-only fixture or assertion verifies the production ownership boundary.	                    .map_err(|error| cdf_kernel::CdfError::destination(error.to_string()))?;
crates/cdf-dest-clickhouse/src/tests.rs	186	CdfError::destination	test_fixture	none	test_only	Test-only fixture or assertion verifies the production ownership boundary.	                        .map_err(|error| cdf_kernel::CdfError::destination(error.to_string()))?;
crates/cdf-dest-clickhouse/src/tests.rs	194	CdfError::destination	test_fixture	none	test_only	Test-only fixture or assertion verifies the production ownership boundary.	                    .map_err(|error| cdf_kernel::CdfError::destination(error.to_string()))?;
crates/cdf-dest-clickhouse/src/tests.rs	201	CdfError::destination	test_fixture	none	test_only	Test-only fixture or assertion verifies the production ownership boundary.	                    .map_err(|error| cdf_kernel::CdfError::destination(error.to_string()))?;
crates/cdf-dest-clickhouse/src/tests.rs	208	CdfError::destination	test_fixture	none	test_only	Test-only fixture or assertion verifies the production ownership boundary.	                    .map_err(|error| cdf_kernel::CdfError::destination(error.to_string()))?;
crates/cdf-dest-clickhouse/src/tests.rs	215	CdfError::destination	test_fixture	none	test_only	Test-only fixture or assertion verifies the production ownership boundary.	                    .map_err(|error| cdf_kernel::CdfError::destination(error.to_string()))?;
crates/cdf-dest-clickhouse/src/tests.rs	222	CdfError::destination	test_fixture	none	test_only	Test-only fixture or assertion verifies the production ownership boundary.	                    .map_err(|error| cdf_kernel::CdfError::destination(error.to_string()))?;
crates/cdf-dest-clickhouse/src/tests.rs	388	ErrorKind::Data	test_assertion	none	test_only	Test-only fixture or assertion verifies the production ownership boundary.	    assert_eq!(duplicate_error.kind, ErrorKind::Data);
crates/cdf-dest-clickhouse/src/tests.rs	425	ErrorKind::Contract	test_assertion	none	test_only	Test-only fixture or assertion verifies the production ownership boundary.	        assert_eq!(error.kind, ErrorKind::Contract, "target {target}");
crates/cdf-dest-clickhouse/src/tests.rs	477	CdfError::destination	test_fixture	none	test_only	Test-only fixture or assertion verifies the production ownership boundary.	                .map_err(|error| cdf_kernel::CdfError::destination(error.to_string()))?;
crates/cdf-dest-clickhouse/src/tests.rs	484	CdfError::destination	test_fixture	none	test_only	Test-only fixture or assertion verifies the production ownership boundary.	                .map_err(|error| cdf_kernel::CdfError::destination(error.to_string()))?;
crates/cdf-dest-clickhouse/src/tests.rs	489	CdfError::destination	test_fixture	none	test_only	Test-only fixture or assertion verifies the production ownership boundary.	                .map_err(|error| cdf_kernel::CdfError::destination(error.to_string()))?;
crates/cdf-dest-clickhouse/src/tests.rs	497	CdfError::destination	test_fixture	none	test_only	Test-only fixture or assertion verifies the production ownership boundary.	                .map_err(|error| cdf_kernel::CdfError::destination(error.to_string()))?;
crates/cdf-dest-clickhouse/src/tests.rs	533	CdfError::destination	test_fixture	none	test_only	Test-only fixture or assertion verifies the production ownership boundary.	                    .map_err(|error| cdf_kernel::CdfError::destination(error.to_string()))
crates/cdf-dest-clickhouse/src/tests.rs	562	CdfError::destination	test_fixture	none	test_only	Test-only fixture or assertion verifies the production ownership boundary.	                    .map_err(|error| cdf_kernel::CdfError::destination(error.to_string()))
crates/cdf-dest-clickhouse/src/tests.rs	577	CdfError::destination	test_fixture	none	test_only	Test-only fixture or assertion verifies the production ownership boundary.	                .map_err(|error| cdf_kernel::CdfError::destination(error.to_string()))
crates/cdf-dest-clickhouse/src/tests.rs	589	CdfError::destination	test_fixture	none	test_only	Test-only fixture or assertion verifies the production ownership boundary.	                .map_err(|error| cdf_kernel::CdfError::destination(error.to_string()))
crates/cdf-dest-clickhouse/src/tests.rs	73	ErrorKind::Auth	test_assertion	none	test_only	Test-only fixture or assertion verifies the production ownership boundary.	    assert_eq!(credentials.kind, ErrorKind::Auth);
