2026-07-26T22:25:50Z	74652297000	5288464384		active	running	1024	53061346
2026-07-26T22:26:37Z	413499819000	5309112320		active	running	pkg=627	out=5
2026-07-26T22:27:19Z	711023957000	5272883200	active	running	pkg=1077	out=5
2026-07-26T22:28:08Z	1045662239000	5366456320	active	running	pkg=1592	out=5
2026-07-26T22:29:06Z	1441906465000	5304897536	active	running	pkg=2190
2026-07-26T22:30:04Z	1836046524000	5165060096	active	running	pkg=2785
2026-07-26T22:30:59Z	2217753155000	5299249152	active	running	pkg=3352
2026-07-26T22:31:54Z	2585486367000	5259694080	active	running	pkg=3912
2026-07-26T22:32:51Z	2978358363000	5011361792	active	running	pkg=4506	out=5
2026-07-26T22:33:37Z	3287993828000	5208113152	active	running	success	pkg=4978	out=5
2026-07-26T22:34:12Z	pkg=5121
